<!--
* $Id: AbstractPatternPanel.java,v 1.9 2005/12/05 15:00:55 kizune Exp $
*
* Copyright 2004 Sun Microsystems, Inc., 4150 Network Circle,
* Santa Clara, California 95054, U.S.A. All rights reserved.
*
* This library is free software; you can redistribute it and/or
* modify it under the terms of the GNU Lesser General Public
* License as published by the Free Software Foundation; either
* version 2.1 of the License, or (at your option) any later version.
*
* This library is distributed in the hope that it will be useful,
* but WITHOUT ANY WARRANTY; without even the implied warranty of
* MERCHANTABILITY or FITNESS FOR A PARTICULAR PURPOSE.  See the GNU
* Lesser General Public License for more details.
*
* You should have received a copy of the GNU Lesser General Public
* License along with this library; if not, write to the Free Software
* Foundation, Inc., 51 Franklin St, Fifth Floor, Boston, MA  02110-1301  USA
-->
<synth>
    <!-- ########################################################################################################### -->
    <!-- TOP LEVEL CONTAINERS -->
    <!-- ########################################################################################################### -->

    <style id="default">
        <font name="Arial" size="12" style="PLAIN"/>
        <state>
            <color value="#000007" type="FOREGROUND"/>
        </state>
        <object id="NimbusGraphicsUtils" class="org.jdesktop.swingx.plaf.nimbus.NimbusGraphicsUtils"/>
        <graphicsUtils idref="NimbusGraphicsUtils"/>
    </style>
    <bind style="default" type="region" key=".*"/>

    <style id="RootPane">
        <state>
            <color value="#d6d9df" type="BACKGROUND"/>
            <opaque value="true"/>
        </state>
    </style>
    <bind style="RootPane" type="region" key="RootPane"/>

    <!--<style id="Panel">-->
    <!--<state>-->
    <!--<color value="#d6d9df" type="BACKGROUND"/>-->
    <!--<opaque value="true"/>-->
    <!--</state>-->
    <!--</style>-->
    <!--<bind style="Panel" type="region" key="Panel"/>-->


    <!-- ########################################################################################################### -->
    <!-- TITLED BORDER -->
    <!-- ########################################################################################################### -->

    <object class="javax.swing.plaf.FontUIResource" id="BorderFont">
        <string>Arial</string>
        <int>1</int>
        <int>14</int>
    </object>
    <defaultsProperty key="TitledBorder.font" type="idref" value="BorderFont"/>
    <object class="javax.swing.plaf.ColorUIResource" id="BorderTitleColor">
        <int>40</int>
        <int>40</int>
        <int>40</int>
    </object>
    <defaultsProperty key="TitledBorder.titleColor" type="idref" value="BorderTitleColor"/>
    <object class="javax.swing.plaf.BorderUIResource" id="RoundedBorder">
        <object class="org.jdesktop.swingx.plaf.nimbus.RoundedBorder"/>
    </object>
    <defaultsProperty key="TitledBorder.border" type="idref" value="RoundedBorder"/>

    <!-- ########################################################################################################### -->
    <!-- SCROLL BARS & VIEW PORT -->
    <!-- ########################################################################################################### -->

    <defaultsProperty key="ScrollBarUI" type="string" value="org.jdesktop.swingx.plaf.nimbus.NimbusScrollBarUI"/>
    <defaultsProperty key="ScrollBar.width" type="integer" value="15"/>
    <defaultsProperty key="ScrollBar.minimumThumbSize" type="dimension" value="29 29"/>
    <defaultsProperty key="ScrollBar.maximumThumbSize" type="dimension" value="1000 1000"/>

    <style id="Viewport">
        <insets top="0" left="0" bottom="0" right="0"/>
        <!--<state>-->
        <!--<color value="#d6d9df" type="BACKGROUND"/>-->
        <!--<opaque value="true"/>-->
        <!--</state>-->
    </style>
    <bind style="Viewport" type="region" key="Viewport"/>

    <!-- ########################################################################################################### -->
    <!-- BUTTONS -->
    <!-- ########################################################################################################### -->

    <style id="button">
        <object id="ButtonPainter" class="org.jdesktop.swingx.plaf.nimbus.painters.ButtonPainter"/>
        <painter idref="ButtonPainter"/>
        <state value="DISABLED">
            <color value="#ACAEB2" type="TEXT_FOREGROUND"/>
        </state>
        <state value="DEFAULT AND PRESSED">
            <color value="#FFFFFF" type="TEXT_FOREGROUND"/>
        </state>
        <property key="Button.margin" type="insets" value="4 12 5 12"/>
    </style>
    <bind style="button" type="region" key="Button"/>

    <style id="checkbox">
        <insets top="2" left="2" bottom="2" right="2"/>
        <imageIcon id="check_off" path="images/checkbox_off.png"/>
        <imageIcon id="check_off_over" path="images/checkbox_off_over.png"/>
        <imageIcon id="check_off_pressed" path="images/checkbox_off_pressed.png"/>
        <imageIcon id="check_off_disabled" path="images/checkbox_off_disabled.png"/>
        <imageIcon id="check_on" path="images/checkbox_on.png"/>
        <imageIcon id="check_on_over" path="images/checkbox_on_over.png"/>
        <imageIcon id="check_on_pressed" path="images/checkbox_on_pressed.png"/>
        <imageIcon id="check_on_disabled" path="images/checkbox_on_disabled.png"/>
        <property key="CheckBox.icon" value="check_off"/>
        <state value="DISABLED and SELECTED">
            <property key="CheckBox.icon" value="check_on_disabled"/>
        </state>
        <state value="DISABLED">
            <property key="CheckBox.icon" value="check_off_disabled"/>
        </state>
        <state value="MOUSE_OVER">
            <property key="CheckBox.icon" value="check_off_over"/>
        </state>
        <state value="PRESSED">
            <property key="CheckBox.icon" value="check_off_pressed"/>
        </state>
        <state value="SELECTED and MOUSE_OVER">
            <property key="CheckBox.icon" value="check_on_over"/>
        </state>
        <state value="SELECTED and PRESSED">
            <property key="CheckBox.icon" value="check_on_pressed"/>
        </state>
        <state value="SELECTED">
            <property key="CheckBox.icon" value="check_on"/>
        </state>
    </style>
    <bind style="checkbox" type="region" key="Checkbox"/>

    <style id="radiobutton">
        <insets top="2" left="2" bottom="2" right="2"/>
        <imageIcon id="radio_off" path="images/radio_btn.png"/>
        <imageIcon id="radio_off_over" path="images/radio_btn_over.png"/>
        <imageIcon id="radio_off_pressed" path="images/radio_btn_pressed.png"/>
        <imageIcon id="radio_off_disabled" path="images/radio_btn_disabled_normal.png"/>
        <imageIcon id="radio_on" path="images/radio_btn_selected.png"/>
        <imageIcon id="radio_on_over" path="images/radio_btn_selected_over.png"/>
        <imageIcon id="radio_on_pressed" path="images/radio_btn_selected_pressed.png"/>
        <imageIcon id="radio_on_disabled" path="images/radio_btn_disabled_selected.png"/>
        <property key="RadioButton.icon" value="radio_off"/>
        <state value="DISABLED and SELECTED">
            <property key="RadioButton.icon" value="radio_on_disabled"/>
        </state>
        <state value="DISABLED">
            <property key="RadioButton.icon" value="radio_off_disabled"/>
        </state>
        <state value="MOUSE_OVER">
            <property key="RadioButton.icon" value="radio_off_over"/>
        </state>
        <state value="PRESSED">
            <property key="RadioButton.icon" value="radio_off_pressed"/>
        </state>
        <state value="SELECTED and MOUSE_OVER">
            <property key="RadioButton.icon" value="radio_on_over"/>
        </state>
        <state value="SELECTED and PRESSED">
            <property key="RadioButton.icon" value="radio_on_pressed"/>
        </state>
        <state value="SELECTED">
            <property key="RadioButton.icon" value="radio_on"/>
        </state>
    </style>
    <bind style="radiobutton" type="region" key="RadioButton"/>

    <!-- ########################################################################################################### -->
    <!-- TEXT FIELDS -->
    <!-- ########################################################################################################### -->

    <style id="textfield">
        <object id="TextFieldPainter" class="org.jdesktop.swingx.plaf.nimbus.painters.TextFieldPainter"/>
        <painter idref="TextFieldPainter"/>
        <state>
            <font name="Arial" size="12"/>
            <color value="#000000" type="TEXT_FOREGROUND"/>
        </state>
        <insets top="4" left="6" bottom="4" right="6"/>
    </style>
    <bind style="textfield" type="region" key="TextField"/>

    <style id="textarea">
        <object id="TextAreaPainter" class="org.jdesktop.swingx.plaf.nimbus.painters.TextAreaPainter"/>
        <painter idref="TextAreaPainter"/>
        <state>
            <font name="Tahoma" size="12"/>
            <color value="#000000" type="TEXT_FOREGROUND"/>
        </state>
        <insets top="4" left="6" bottom="4" right="6"/>
    </style>
    <bind style="textarea" type="region" key="TextArea"/>

    <style id="passwordfield">
        <object id="PasswordFieldPainter" class="org.jdesktop.swingx.plaf.nimbus.painters.PasswordFieldPainter"/>
        <painter idref="PasswordFieldPainter"/>
        <state>
            <font name="Tahoma" size="12"/>
            <color value="#000000" type="TEXT_FOREGROUND"/>
        </state>
        <insets top="4" left="6" bottom="4" right="6"/>
    </style>
    <bind style="passwordfield" type="region" key="PasswordField"/>

    <!-- ########################################################################################################### -->
    <!-- MENUS -->
    <!-- ########################################################################################################### -->

    <object id="MenuPainter" class="org.jdesktop.swingx.plaf.nimbus.painters.MenuPainter"/>
    <imageIcon id="menu_empty" path="images/menu_empty.png"/>

    <style id="MenuBar">
        <painter idref="MenuPainter"/>
        <insets top="2" left="6" bottom="2" right="6"/>
    </style>
    <bind style="MenuBar" type="region" key="MenuBar"/>

    <style id="Menu">
        <painter idref="MenuPainter"/>
        <insets top="2" left="2" bottom="3" right="2"/>
        <state>
            <color value="#232324" type="TEXT_FOREGROUND"/>
            <color value="#EDEFF2" type="BACKGROUND"/>
        </state>
        <imageIcon id="menu_arrow" path="images/menu_arrow.png"/>
        <property key="Menu.arrowIcon" value="menu_arrow"/>
        <state value="SELECTED">
            <color value="#FFFFFF" type="TEXT_FOREGROUND"/>
            <imageIcon id="menu_arrow_over" path="images/menu_arrow_over.png"/>
            <property key="Menu.arrowIcon" value="menu_arrow_over"/>
        </state>
    </style>
    <bind style="Menu" type="region" key="Menu"/>

    <style id="MenuItem">
        <insets top="2" left="2" bottom="3" right="2"/>
        <opaque value="true"/>
        <state>
            <color value="#232324" type="TEXT_FOREGROUND"/>
            <color value="#EDEFF2" type="BACKGROUND"/>
        </state>
        <state value="DISABLED">
            <color value="#EDEFF2" type="BACKGROUND"/>
            <color value="#8E8F91" type="TEXT_FOREGROUND"/>
        </state>
        <state value="MOUSE_OVER">
            <color value="#FFFFFF" type="TEXT_FOREGROUND"/>
            <color value="#3A698A" type="BACKGROUND"/>
        </state>
        <!--<imageIcon id="menu_check" path="images/menu_check.png"/>-->
        <!--<property key="prefix.checkIcon" value="menu_check"/>-->
    </style>
    <bind style="MenuItem" type="region" key="MenuItem"/>


    <style id="CheckBoxMenuItem">
        <opaque value="true"/>
        <insets top="2" left="2" bottom="3" right="2"/>
        <property key="CheckBoxMenuItem.checkIcon" value="menu_empty"/>
        <state>
            <color value="#232324" type="TEXT_FOREGROUND"/>
            <color value="#EDEFF2" type="BACKGROUND"/>
        </state>
        <state value="DISABLED">
            <color value="#EDEFF2" type="BACKGROUND"/>
            <color value="#8E8F91" type="TEXT_FOREGROUND"/>
        </state>
        <state value="SELECTED">
            <imageIcon id="menu_check" path="images/menu_check.png"/>
            <property key="CheckBoxMenuItem.checkIcon" value="menu_check"/>
        </state>
        <state value="SELECTED and MOUSE_OVER">
            <imageIcon id="menu_check_over" path="images/menu_check_over.png"/>
            <property key="CheckBoxMenuItem.checkIcon" value="menu_check_over"/>
            <color value="#FFFFFF" type="TEXT_FOREGROUND"/>
            <color value="#3A698A" type="BACKGROUND"/>
        </state>
        <state value="MOUSE_OVER">
            <color value="#FFFFFF" type="TEXT_FOREGROUND"/>
            <color value="#3A698A" type="BACKGROUND"/>
        </state>
    </style>
    <bind style="CheckBoxMenuItem" type="region" key="CheckBoxMenuItem"/>

    <style id="RadioButtonMenuItem">
        <insets top="2" left="2" bottom="3" right="2"/>
        <opaque value="TRUE"/>
        <property key="RadioButtonMenuItem.checkIcon" value="menu_empty"/>
        <state>
            <color value="#232324" type="TEXT_FOREGROUND"/>
            <color value="#EDEFF2" type="BACKGROUND"/>
        </state>
        <state value="DISABLED">
            <color value="#EDEFF2" type="BACKGROUND"/>
            <color value="#8E8F91" type="TEXT_FOREGROUND"/>
        </state>
        <state value="SELECTED">
            <imageIcon id="menu_radio" path="images/menu_radio.png"/>
            <property key="RadioButtonMenuItem.checkIcon" value="menu_radio"/>
        </state>
        <state value="MOUSE_OVER and SELECTED">
            <imageIcon id="menu_radio_over" path="images/menu_radio_over.png"/>
            <property key="RadioButtonMenuItem.checkIcon" value="menu_radio_over"/>
            <color value="#FFFFFF" type="TEXT_FOREGROUND"/>
            <color value="#3A698A" type="BACKGROUND"/>
        </state>
        <state value="MOUSE_OVER">
            <color value="#FFFFFF" type="TEXT_FOREGROUND"/>
            <color value="#3A698A" type="BACKGROUND"/>
        </state>
    </style>
    <bind style="RadioButtonMenuItem" type="region" key="RadioButtonMenuItem"/>

    <style id="PopupMenuSeparator">
        <insets top="2" left="0" bottom="2" right="0"/>
        <painter idref="MenuPainter"/>
    </style>
    <bind style="PopupMenuSeparator" type="region" key="PopupMenuSeparator"/>

    <style id="PopupMenu">
        <painter idref="MenuPainter"/>
        <insets top="6" left="1" bottom="6" right="1"/>
    </style>
    <bind style="PopupMenu" type="region" key="PopupMenu"/>

    <!-- ########################################################################################################### -->
    <!-- SEPARATORS -->
    <!-- ########################################################################################################### -->
    
    <object id="SeparatorPainter" class="org.jdesktop.swingx.plaf.nimbus.painters.SeparatorPainter"/>
    <style id="Separator">
        <painter idref="SeparatorPainter"/>
        <insets top="1" left="0" bottom="1" right="0"/>
        <property key="Separator.thickness" type="integer" value="2"/>l
    </style>
    <bind style="Separator" type="region" key="Separator"/>

    <!-- ########################################################################################################### -->
    <!-- SPLIT PANE -->
    <!-- ########################################################################################################### -->
    
    <object id="SplitPanePainter" class="org.jdesktop.swingx.plaf.nimbus.painters.SplitPanePainter"/>
    <style id="SplitPane">
        <painter idref="SplitPanePainter"/>
        <insets top="2" left="4" bottom="2" right="4"/>
        <property key="SplitPane.size" type="integer" value="8"/>
    </style>
    <bind style="SplitPane" type="region" key="SplitPane"/>

    <style id="SplitPaneDivider">
        <painter idref="SplitPanePainter"/>
        <insets top="2" left="4" bottom="2" right="4"/>
        <property key="SplitPane.size" type="integer" value="8"/>
    </style>
    <bind style="SplitPaneDivider" type="region" key="SplitPaneDivider"/>

    <!-- ########################################################################################################### -->
    <!-- INNER FRAMES -->
    <!-- ########################################################################################################### -->

    <imageIcon id="frame_empty" path="images/frame_empty.png"/>
    <object id="InternalFramePainter" class="org.jdesktop.swingx.plaf.nimbus.painters.InternalFramePainter"/>

    <style id="DesktopPane">
        <painter idref="InternalFramePainter"/>
    </style>
    <bind style="DesktopPane" type="region" key="DesktopPane"/>

    <style id="InternalFrameTitlePane">
        <object id="InternalFramePainter" class="org.jdesktop.swingx.plaf.nimbus.painters.InternalFramePainter"/>
        <painter idref="InternalFramePainter"/>
        <insets top="3" left="0" right="0" bottom="2"/>
        <!--<property key="InternalFrameTitlePane.menuButton" value="frame_empty"/>-->
        <!--<property key="InternalFrameTitlePane.iconifyButton" value="frame_empty"/>-->
        <!--<property key="InternalFrameTitlePane.maximizeButton" value="frame_empty"/>-->
        <!--<property key="InternalFrameTitlePane.closeButton" value="frame_empty"/>-->
    </style>
    <bind style="InternalFrameTitlePane" type="region" key="InternalFrameTitlePane"/>

    <!-- ### INTERNAL FRAME CLOSE BUTTON ########################################################################### -->
    <style id="InternalFrameTitlePane.closeButton">
        <!--<insets top="2" left="2" right="2" bottom="2"/>-->
        <painter idref="InternalFramePainter"/>
        <property key="Button.icon" value="frame_empty"/>
    </style>
    <bind style="InternalFrameTitlePane.closeButton" type="name" key="InternalFrameTitlePane.closeButton"/>

    <!-- ### INTERNAL FRAME MAXIMIZE BUTTON ######################################################################## -->
    <style id="InternalFrameTitlePane.maximizeButton">
        <!--<insets top="2" left="2" right="2" bottom="2"/>-->
        <painter idref="InternalFramePainter"/>
        <property key="Button.icon" value="frame_empty"/>
    </style>
    <bind style="InternalFrameTitlePane.maximizeButton" type="name" key="InternalFrameTitlePane.maximizeButton"/>

    <!-- ### INTERNAL FRAME MINIMIZE(ICONIFY) BUTTON ############################################################### -->
    <style id="InternalFrameTitlePane.iconifyButton">
        <!--<insets top="2" left="2" right="2" bottom="2"/>-->
        <painter idref="InternalFramePainter"/>
        <property key="Button.icon" value="frame_empty"/>
    </style>
    <bind style="InternalFrameTitlePane.iconifyButton" type="name" key="InternalFrameTitlePane.iconifyButton"/>

    <!-- ### INTERNAL FRAME MENU BUTTON ############################################################### -->
    <style id="InternalFrameTitlePane.menuButton">
        <insets top="0" left="2" right="2" bottom="3"/>
        <painter idref="InternalFramePainter"/>
        <property key="Button.icon" value="frame_empty"/>
    </style>
    <bind style="InternalFrameTitlePane.menuButton" type="name" key="InternalFrameTitlePane.menuButton"/>

    <style id="InternalFrame">
        <painter idref="InternalFramePainter"/>
        <insets top="1" left="6" right="6" bottom="6"/>
        <property key="InternalFrame.icon" value="frame_empty"/>
    </style>
    <bind style="InternalFrame" type="region" key="InternalFrame"/>

    <!-- ########################################################################################################### -->
    <!-- TOOL BARS -->
    <!-- ########################################################################################################### -->

    <style id="ToolBar">
        <object id="ToolBarPainter" class="org.jdesktop.swingx.plaf.nimbus.painters.ToolBarPainter"/>
        <painter idref="ToolBarPainter"/>
    </style>
    <bind style="ToolBar" type="region" key="ToolBar"/>
    <style id="ToolBarContent">
        <object id="ToolBarPainter" class="org.jdesktop.swingx.plaf.nimbus.painters.ToolBarPainter"/>
        <painter idref="ToolBarPainter"/>
    </style>
    <bind style="ToolBarContent" type="region" key="ToolBarContent"/>

    <!-- ########################################################################################################### -->
    <!-- PROGRESS BARS -->
    <!-- ########################################################################################################### -->

    <style id="progress">
        <object id="ProgressPainter" class="org.jdesktop.swingx.plaf.nimbus.painters.ProgressPainter"/>
        <painter idref="ProgressPainter"/>
        <property key="ProgressBar.horizontalSize" type="dimension" value="50 20"/>
        <property key="ProgressBar.vertictalSize" type="dimension" value="20 50"/>
    </style>
    <bind style="progress" type="region" key="ProgressBar"/>

    <!-- ########################################################################################################### -->
    <!-- TABBED PANE -->
    <!-- ########################################################################################################### -->

    <object id="TabPainter" class="org.jdesktop.swingx.plaf.nimbus.painters.TabPainter"/>
    <style id="TabbedPane">
        <painter idref="TabPainter"/>
        <property key="TabbedPane.selectedTabPadInsets" type="insets" value="0 0 0 0"/>
    </style>
    <bind style="TabbedPane" type="region" key="TabbedPane"/>
    <style id="TabbedPaneTab">
        <painter idref="TabPainter"/>
        <insets top="4" left="8" right="8" bottom="4"/>
    </style>
    <bind style="TabbedPaneTab" type="region" key="TabbedPaneTab"/>
    <style id="TabbedPaneTabArea">
        <painter idref="TabPainter"/>
        <insets top="3" left="10" right="10" bottom="5"/>
    </style>
    <bind style="TabbedPaneTabArea" type="region" key="TabbedPaneTabArea"/>

    <style id="TabbedPaneContent">
        <object id="TabPainter" class="org.jdesktop.swingx.plaf.nimbus.painters.TabPainter"/>
        <painter idref="TabPainter"/>
    </style>
    <bind style="TabbedPaneContent" type="region" key="TabbedPaneContent"/>

    <!-- ########################################################################################################### -->
    <!-- SLIDERS -->
    <!-- ########################################################################################################### -->

    <style id="Slider">
        <object class="javax.swing.plaf.ColorUIResource" id="Slider.tickColor">
            <int>155</int>
            <int>160</int>
            <int>168</int>
        </object>
        <property key="Slider.tickColor" type="idref" value="Slider.tickColor"/>
        <property key="Slider.thumbWidth" type="integer" value="13"/>
        <property key="Slider.thumbHeight" type="integer" value="14"/>
        <property key="Slider.trackBorder" type="integer" value="0"/>
        <property key="Slider.paintValue" type="boolean" value="false"/>
        <font name="Arial" size="9" style="PLAIN"/>
        <!--<font name="Lucida Grande" size="9" style="PLAIN"/>-->
        <!--<font name="Tahoma" size="9" style="BOLD"/>-->
    </style>
    <bind style="Slider" type="region" key="Slider"/>
    <style id="SliderTrack">
        <font name="Arial" size="9" style="PLAIN"/>
        <!--<font name="Lucida Grande" size="9" style="PLAIN"/>-->
        <!--<font name="Tahoma" size="9" style="BOLD"/>-->
        <imagePainter method="sliderTrackBackground"
                      path="images/slider_track.png"
                      direction="horizontal" sourceInsets="0 3 0 3" destinationInsets="4 3 4 3"/>
        <imagePainter method="sliderTrackBackground"
                      path="images/slider_track_v.png"
                      direction="vertical" sourceInsets="3 0 3 0" destinationInsets="3 4 3 4"/>
        <state value="DISABLED">
            <imagePainter method="sliderTrackBackground"
                          path="images/slider_track_disabled.png"
                          direction="horizontal" sourceInsets="0 3 0 3" destinationInsets="4 3 4 3"/>
            <imagePainter method="sliderTrackBackground"
                          path="images/slider_track_v_disabled.png"
                          direction="vertical" sourceInsets="3 0 3 0" destinationInsets="3 4 3 4"/>
        </state>
    </style>
    <bind style="SliderTrack" type="region" key="SliderTrack"/>
    <style id="SliderThumb">
        <font name="Arial" size="9" style="PLAIN"/>
        <!--<font name="Lucida Grande" size="9" style="PLAIN"/>-->
        <!--<font name="Tahoma" size="9" style="BOLD"/>-->
        <imagePainter method="sliderThumbBackground" path="images/slider_btn.png" center="true"/>
        <state value="DISABLED">
            <imagePainter method="sliderThumbBackground" path="images/slider_btn_disabled.png" center="true"/>
        </state>
        <state value="MOUSE_OVER">
            <imagePainter method="sliderThumbBackground" path="images/slider_btn_over.png" center="true"/>
        </state>
        <!-- Note: no mouse pressed state supported -->
    </style>
    <bind style="SliderThumb" type="region" key="SliderThumb"/>


    <!-- ########################################################################################################### -->
    <!-- COMBO BOX -->
    <!-- ########################################################################################################### -->

    <object class="javax.swing.plaf.FontUIResource" id="ComboBox.font">
        <string>Arial</string>
        <int>0</int>
        <int>12</int>
    </object>
    <defaultsProperty key="ComboBox.font" type="idref" value="ComboBox.font"/>

    <object class="javax.swing.plaf.ColorUIResource" id="ComboBox.background">
        <int>237</int>
        <int>239</int>
        <int>242</int>
    </object>
    <defaultsProperty key="ComboBox.background" type="idref" value="ComboBox.background"/>
    <object class="javax.swing.plaf.ColorUIResource" id="ComboBox.selectionForeground">
        <int>255</int>
        <int>255</int>
        <int>255</int>
    </object>
    <defaultsProperty key="ComboBox.selectionForeground" type="idref" value="ComboBox.selectionForeground"/>
    <object class="javax.swing.plaf.ColorUIResource" id="ComboBox.selectionBackground">
        <int>53</int>
        <int>105</int>
        <int>138</int>
    </object>
    <defaultsProperty key="ComboBox.selectionBackground" type="idref" value="ComboBox.selectionBackground"/>
    <object class="javax.swing.plaf.ColorUIResource" id="ComboBox.foreground">
        <int>35</int>
        <int>35</int>
        <int>36</int>
    </object>
    <defaultsProperty key="ComboBox.foreground" type="idref" value="ComboBox.foreground"/>
    
    <defaultsProperty key="ComboBoxUI" type="string" value="org.jdesktop.swingx.plaf.nimbus.NimbusComboBoxUI"/>

    <!-- ########################################################################################################### -->
    <!-- LIST -->
    <!-- ########################################################################################################### -->

    <style id="List">
        <!--<object id="ListPainter" class="org.jdesktop.swingx.plaf.nimbus.painters.ListPainter"/>-->
        <!--<painter idref="ListPainter"/>-->
        <!--<insets top="10" left="10" right="10" bottom="10"/>-->
        <state>
            <color value="#232324" type="TEXT_FOREGROUND"/>
            <color value="#EDEFF2" type="BACKGROUND"/>
        </state>
        <state value="DISABLED">
            <color value="#EDEFF2" type="BACKGROUND"/>
            <color value="#8E8F91" type="TEXT_FOREGROUND"/>
        </state>
        <state value="MOUSE_OVER">
            <color value="#FFFFFF" type="TEXT_FOREGROUND"/>
            <color value="#3A698A" type="BACKGROUND"/>
        </state>
    </style>
    <bind style="List" type="region" key="List"/>
    <style id="List.cellRenderer">
        <insets top="2" left="2" bottom="3" right="2"/>
        <opaque value="true"/>
        <state>
            <color value="#232324" type="TEXT_FOREGROUND"/>
            <color value="#EDEFF2" type="BACKGROUND"/>
        </state>
        <state value="DISABLED">
            <color value="#EDEFF2" type="BACKGROUND"/>
            <color value="#8E8F91" type="TEXT_FOREGROUND"/>
        </state>
        <state value="MOUSE_OVER">
            <color value="#FFFFFF" type="TEXT_FOREGROUND"/>
            <color value="#3A698A" type="BACKGROUND"/>
        </state>
    </style>
    <bind style="List" type="name" key="List.cellRenderer"/>


    <object class="javax.swing.plaf.ColorUIResource" id="List.background">
        <int>237</int>
        <int>239</int>
        <int>242</int>
    </object>
    <defaultsProperty key="List.background" type="idref" value="List.background"/>
    <object class="javax.swing.plaf.ColorUIResource" id="List.selectionForeground">
        <int>255</int>
        <int>255</int>
        <int>255</int>
    </object>
    <defaultsProperty key="List.selectionForeground" type="idref" value="List.selectionForeground"/>
    <object class="javax.swing.plaf.ColorUIResource" id="ListSelectionBackground">
        <int>0</int>
        <int>0</int>
        <int>255</int>
        <!--<int>53</int>-->
        <!--<int>105</int>-->
        <!--<int>138</int>-->
    </object>
    <defaultsProperty key="List.selectionBackground" type="idref" value="ListSelectionBackground"/>
    <object class="javax.swing.plaf.ColorUIResource" id="List.foreground">
        <int>35</int>
        <int>35</int>
        <int>36</int>
    </object>
    <defaultsProperty key="List.foreground" type="idref" value="List.foreground"/>

    <defaultsProperty key="List.rendererUseListColors" type="boolean" value="false"/>

    <!-- ########################################################################################################### -->
    <!-- OPTION PANE -->
    <!-- ########################################################################################################### -->
    <style id="OptionPane">
        <imageIcon id="infoIcon" path="images/option_pane_info.png"/>
        <property key="OptionPane.informationIcon" value="infoIcon"/>
        <imageIcon id="errorIcon" path="images/option_pane_error.png"/>
        <property key="OptionPane.errorIcon" value="errorIcon"/>
        <imageIcon id="warningIcon" path="images/option_pane_warning.png"/>
        <property key="OptionPane.warningIcon" value="warningIcon"/>
        <imageIcon id="questionIcon" path="images/option_pane_question.png"/>
        <property key="OptionPane.questionIcon" value="questionIcon"/>
        <property key="OptionPane.buttonOrientation" type="integer" value="4"/>
        <property key="OptionPane.isYesLast" type="boolean" value="true"/>
    </style>
    <bind style="OptionPane" type="region" key="OptionPane"/>
</synth>
